-9.5275,-0.8955,-0.78586,-0.41026,-0.46049,1.2235,-9.8386,1.2911
-7.4317,-0.6352,0.53231,-0.071167,0.13815,7.6782,-19.244,-7.5417
-7.8214,-0.84976,0.38668,-0.087912,0.054422,1.2754,-18.07,-10.943
-8.5158,-0.47509,0.60987,0.050235,0.17164,-1.1323,-14.71,-11.611
-8.543,-0.12425,0.85198,0.12977,0.19676,8.8089,-11.771,-18.636
-9.2174,-0.24021,0.66259,0.19257,0.23443,2.3955,-8.8155,-16.208
-9.6068,-0.46834,0.86311,0.13396,0.22606,6.5185,-8.2446,-14.555
-9.8707,-0.90965,0.28655,-0.0083726,0.1842,-16.621,-13.799,23.113
-9.8428,-0.28189,0.1641,-0.11722,0.11722,3.0558,-19.262,-3.4742
-10.306,0.1569,0.26675,-0.19257,0.054422,5.1596,-15.571,-2.6749
-10.278,0.24349,0.72718,-0.13815,0.13396,6.9474,-10.949,0.11576
-10.577,0.039188,0.65616,-0.13396,0.092098,2.1716,-8.44,0.55805
-11.317,-0.28727,0.2373,-0.083726,0.14652,0.89079,-10.985,0.54301
-12.811,-1.368,-1.26,-0.1214,0.11303,2.1955,-11.776,0.63108
-14.111,-1.0344,-3.5984,-0.13396,0.087912,2.6527,-11.008,1.2053
-13.489,-1.3172,-3.9922,-0.1214,0.062794,2.2897,-10.094,1.5286
-11.503,-1.1085,-3.6787,-0.11303,0.058608,2.7305,-9.6319,1.1707
-9.9315,-1.4043,-1.8211,-0.07954,0.10884,2.8553,-9.4994,1.5432
-9.4469,-0.88754,-1.5009,-0.037677,0.1842,2.7819,-9.4114,1.4322
-10.108,-0.6471,-1.9635,0.071167,0.22606,2.1171,-9.6627,2.0485
-10.934,-0.24537,-2.5589,0.037677,0.2135,2.4658,-9.4109,2.4708
-11.168,-0.66989,-2.7656,-0.10047,0.10884,2.7406,-9.4116,2.4006
-10.622,-0.69807,-2.4312,-0.11722,0.066981,2.5574,-9.1314,1.7148
-9.2579,-0.74226,-1.6984,-0.14652,0.054422,2.6379,-9.2226,1.5027
-8.0952,-0.29007,-1.3103,-0.15489,0.054422,2.6069,-9.413,1.2742
-7.3749,0.058042,-1.0579,-0.34328,-0.016745,2.5741,-9.5952,0.87932
-6.9703,0.028764,-1.7658,0.096285,0.050235,2.2539,-9.5691,0.51283
-7.1704,-0.066797,-1.5007,2.1266,1.1219,2.2679,-9.5753,0.88766
-7.0566,0.30554,-2.2567,-0.35583,0.041863,2.6014,-9.6085,0.53517
-7.5231,0.39927,-1.9956,-0.17164,0.096285,3.1896,-9.7519,1.0443
-8.0986,0.38396,-2.0497,-0.13815,0.14233,2.9706,-10.056,1.2873
-8.9744,-0.27089,-2.0875,-0.17582,0.071167,2.8799,-9.9755,0.46752
-9.7528,-0.24082,-1.8322,-0.13815,0.11303,2.8931,-9.5628,0.15496
-9.8118,-1.3282,-2.2459,-0.083726,0.14652,3.0126,-10.146,0.29368
-10.401,-1.1754,-1.9479,-0.025118,0.16745,3.6781,-10.153,0.5187
-10.244,-1.4267,-1.9179,0.050235,0.20931,3.0313,-11.167,0.12821
-9.7095,-1.8983,-1.6972,0.15071,0.25536,3.8098,-11.964,0.64824
-9.3617,-2.6197,-1.941,0.24699,0.28467,1.6385,-12.072,-0.2643
-9.0955,-2.2963,-1.6909,0.30979,0.30979,1.3914,-11.984,-0.3978
-9.3753,-1.9401,-1.2272,0.33909,0.32653,2.5553,-11.234,-0.59863
-10.536,-1.4614,-0.7631,0.25118,0.34328,3.6002,-9.7301,-0.73175
-11.811,-0.3622,-0.84312,0.10884,0.29723,2.4373,-9.0803,-2.0859
-13.337,-1.3562,-0.95363,0.046049,0.2763,6.0208,-6.2293,-3.1263
-12.806,-1.1142,-1.3845,0.0083726,0.22606,0.82228,-9.4525,-0.69357
-11.189,-0.66873,-0.88124,-0.03349,0.1842,7.6198,-6.6528,-4.8814
-9.7679,0.51466,-0.62737,-0.054422,0.15908,-3.2271,-9.1414,-2.2602
-9.1932,0.56907,-0.44352,-0.07954,0.14652,1.6445,-8.2071,-0.90433
-9.1954,1.1818,-0.10416,-0.07954,0.14652,3.3573,-7.159,-2.0431
-8.2429,1.5365,-0.27225,-0.07954,0.14652,0.6889,-9.6742,-4.0497
-7.5382,2.1616,-0.46861,-0.12977,0.1214,3.9398,-8.7984,-3.5984
-7.7959,2.4235,-0.65557,-0.12977,0.12977,2.308,-8.7878,-4.5205
-8.5697,2.728,-0.565,-0.14233,0.11303,1.7985,-9.8474,-6.5265
-9.3615,2.9211,-0.46341,-0.11303,0.16327,2.9778,-10.152,-7.2695
-10.084,2.1858,-0.38222,-0.075353,0.19676,1.8222,-9.9541,-6.3024
-10.434,1.9972,-1.0624,-0.037677,0.15489,1.6565,-10.086,-5.6648
-10.791,1.6666,-0.68159,-0.11303,0.12977,1.5769,-10.444,-4.7981
-10.213,1.5607,-0.62796,-0.17582,0.083726,1.6962,-10.407,-3.0346
-9.9012,1.6275,-0.93773,-0.23443,0.029304,0.79464,-10.49,-2.454
-9.4889,1.7175,-0.4349,-0.22187,0.037677,1.1899,-10.312,-1.5245
-9.6738,1.3649,-0.70874,-0.23025,0.046049,1.1031,-10.157,-0.87183
-9.374,1.5285,-0.6098,-0.43537,0.012559,1.6345,-9.9864,-0.61839
-9.2756,1.1543,-0.46453,0.51491,0.10466,2.8718,-9.6037,0.027701
-9.2596,0.86002,-0.31207,1.4275,0.55259,2.7685,-9.6347,0.8897
-9.0718,0.56135,-0.56001,-0.40607,-0.025118,2.3053,-9.6984,1.4444
-9.4111,0.35328,-0.29452,-0.29723,0.0041863,2.5355,-9.5526,2.1623
-9.4872,0.11904,-0.17876,-0.31816,-0.025118,1.9042,-9.1312,2.7187
-9.4225,-0.59432,-0.49559,-0.3056,-0.0041863,1.1157,-9.0637,3.5267
-9.3047,-0.42347,-0.29074,-0.26792,0.020931,1.671,-8.3894,4.6285
-9,-0.50516,0.1019,-0.24699,0.020931,1.3835,-7.7011,5.1392
-9.5675,-0.41348,-0.54248,-0.1842,0.050235,0.65716,-9.3331,3.3212
-9.284,-0.44471,-0.16634,-0.14652,0.07954,-0.046459,-6.5657,-5.0892
-9.6501,-0.32432,-0.45024,-0.07954,0.058608,0.78063,-13.444,-5.7894
-9.5736,-0.10806,0.22185,0.029304,0.14233,0.098186,-9.6221,-0.82387
-9.9479,-0.079732,0.045456,0.087912,0.15071,-2.9324,-11.132,-2.3359
-9.6698,-0.34744,-0.17864,0.17164,0.23025,-4.2715,-11.175,-2.6119
-9.3791,-0.23541,0.020918,0.075353,0.17582,-3.5354,-11.803,-3.0943
-9.413,-0.055361,0.16344,-0.071167,0.10047,-2.9725,-11.841,-1.9447
-9.8517,-0.34379,0.28485,-0.13815,0.062794,0.45878,-11.548,-0.36449
-9.9253,-0.70699,0.16795,-0.14233,0.037677,1.8882,-10.838,-0.58549
-9.8065,-0.58512,0.22102,-0.14652,0.03349,4.0081,-9.67,0.32742
-9.7922,-1.2978,-0.21154,-0.12977,0.046049,2.6375,-9.8934,-0.22871
-9.7332,-0.71159,-0.19036,-0.12977,0.012559,2.6638,-10.197,0.058433
-9.7722,-0.78357,-0.1021,-0.1214,0.0041863,3.175,-10.626,-0.27041
-9.6398,-0.84038,-0.34932,-0.11303,0.020931,1.4773,-10.69,0.30319
-10.272,-0.5411,-0.60659,-0.14652,0,0.92629,-10.25,0.74677
-10.179,-0.63699,-1.0258,-0.13396,-0.0083726,1.5168,-9.5715,0.27618
-10.544,-0.06876,-0.63777,-0.1214,-0.016745,2.0973,-9.4026,0.33209
-10.578,-0.38164,-0.69751,-0.062794,0.037677,2.1466,-9.3844,0.17725
-10.226,-0.33785,-0.68304,0.041863,0.092098,2.6873,-9.3745,0.17273
-10.092,-0.9537,-0.58057,0.066981,0.07954,2.9031,-9.323,0.37538
-9.8782,-1.0417,-0.66217,-0.037677,-0.012559,2.978,-9.3394,0.70864
-9.5876,-1.4292,-1.0128,-0.087912,-0.041863,3.1938,-9.548,0.64829
-8.7465,-1.5621,-1.0248,-0.07954,-0.066981,2.8073,-9.6967,0.62657
-8.2349,-1.3868,-0.87218,-0.083726,-0.083726,2.84,-9.9447,0.58325
-8.9398,-1.4958,-0.77672,-0.083726,-0.041863,3.5811,-9.7585,0.39164
-8.9366,-1.657,-0.81229,-0.058608,-0.046049,3.028,-9.6406,0.29825
-9.8723,-2.3428,-0.84243,1.9676,0.92936,3.0962,-9.5738,0.041853
-10.38,-2.698,-1.1902,0.14233,0.054422,3.3198,-9.4047,0.12546
-10.05,-3.0377,-1.2313,-0.10884,-0.092098,3.3909,-9.445,0.051241
-9.9587,-3.0766,-0.2769,0,-0.083726,3.2881,-9.3858,0.03234
-9.3324,-3.0769,-0.63481,-0.020931,-0.11722,3.3515,-9.2436,0.39425
-8.8613,-2.8926,-0.4077,0.029304,-0.096285,3.2603,-9.343,0.35712
-8.3626,-2.5752,-0.33703,0.11303,-0.037677,3.4222,-9.3944,0.16867
-8.4358,-2.4523,-0.5786,0.16745,-0.016745,3.466,-9.6314,0.23017
-8.3372,-2.836,-0.49734,0.22187,0,3.4019,-9.4142,0.16748
-8.6427,-2.7151,-0.77067,0.30141,0.020931,3.2304,-9.6322,0.14444
-8.6798,-2.3712,-0.85551,0.3977,0.054422,3.0959,-9.6641,-0.077248
-8.7712,-2.3506,-0.97998,0.48142,0.058608,3.2473,-9.6258,-0.19881
-9.1708,-2.0649,-0.65953,0.5484,0.07954,3.5651,-9.4543,0.11502
-9.3813,-2.1482,-0.62491,0.47724,0.03349,3.4041,-9.582,0.21119
-9.6485,-1.9182,-0.65685,0.36421,0.012559,3.3719,-9.6636,-0.022377
-9.8535,-1.7693,-0.60134,0.27211,-0.025118,3.3119,-9.6324,0.12441
-10.019,-1.5687,-0.62539,0.23025,-0.066981,3.1807,-9.7109,0.19209
-10.25,-1.6627,-0.54964,0.2135,-0.092098,2.7232,-9.9192,0.15627
-10.111,-0.99374,-0.6368,0.23862,-0.050235,2.9059,-9.9902,-0.012119
-9.7504,-1.3672,-0.302,0.25955,-0.050235,2.9472,-9.9698,0.051816
-9.5064,-0.94018,-0.33725,0.25536,-0.058608,3.636,-10.205,0.33863
-9.862,-1.3456,-0.55268,0.28048,-0.054422,3.9123,-11.084,0.55786
-9.9072,-1.6077,-0.64996,0.28048,-0.050235,3.6753,-11.256,1.1719
-10.065,-1.7806,-0.69709,0.26374,-0.092098,2.7525,-11.8,1.2084
-10.316,-2.4036,-1.269,0.26792,-0.071167,0.95476,-12.971,1.8922
-10.209,-2.1798,-1.3225,0.26792,-0.083726,0.12045,-15.208,3.9804
-11.124,-1.3737,-1.0289,0.30141,-0.050235,0.38908,-16.464,5.0974
-12.249,-1.1699,-0.3053,0.43956,0.037677,3.2349,-16.306,3.1025
-12.86,-2.4544,-0.75773,0.41026,-0.037677,5.8448,-14.638,2.4932
-12.655,-2.0928,-1.3568,0.33072,-0.10047,4.7227,-13.438,2.7086
-11.428,-1.319,-1.7503,0.25118,-0.14233,0.80573,-8.4988,-0.37522
-10.846,-1.1372,-2.176,0.13396,-0.28048,10.619,-10.191,-1.3096
-10.311,-0.10532,-2.8095,0.16327,-0.23443,1.4951,-6.6825,3.035
-8.2792,0.32118,-2.0132,0.050235,-0.26374,-0.55938,-5.0859,4.2818
-6.9503,0.54544,-0.88775,0.15489,-0.2763,-0.25859,-4.3921,1.382
-6.442,0.88996,-0.48832,2.3946,0.53166,3.1169,-5.5546,-1.007
-7.6095,0.17207,-0.57399,0.2428,-0.12977,2.7288,-5.9047,-0.37211
-9.0529,-1.3978,-0.58896,0.025118,-0.25955,2.948,-5.9097,0.11941
-10.331,-2.618,-1.0567,0.012559,-0.27211,2.9197,-6.4675,-0.21084
-11.547,-2.9473,-1.6653,-0.0041863,-0.31816,3.3541,-7.9017,-1.0595
-10.679,-1.9113,-1.372,-0.03349,-0.35165,3.3964,-9.0604,-2.0753
-9.1934,-0.93768,-0.27386,0.066981,-0.28048,3.5265,-9.9627,-2.2129
-8.13,-0.56995,0.38028,0.071167,-0.26374,3.6582,-10.883,-2.2055
-7.6295,-0.34409,0.5164,0.041863,-0.28885,4.0238,-11.525,-2.0048
-8.0141,-0.81058,0.31652,0.07954,-0.28885,4.0463,-12.553,-1.7955
-8.1432,-0.92267,0.28538,0.10047,-0.29304,4.1327,-13.588,-1.336
-8.8128,-1.7861,0.10241,0.17164,-0.23443,4.7232,-14.798,-0.64061
-8.6493,-1.8778,0.34678,0.25536,-0.1842,4.1872,-16.324,-2.7014
-8.6691,-1.3911,0.13796,0.15489,-0.28885,2.794,-16.43,-4.3769
-8.5866,-1.477,-0.2803,0.083726,-0.26374,1.6087,-15.902,-6.0498
-8.3976,-1.8361,-0.5442,0.046049,-0.23443,3.1817,-13.722,-7.8001
-8.9247,-2.7534,-0.24781,0.016745,-0.26374,1.0458,-8.6673,-13.267
-9.427,-2.3855,-0.17259,-0.012559,-0.30141,2.8261,-6.0235,-14.231
-9.0948,-2.3332,-0.020511,-0.016745,-0.28885,5.4588,-9.8214,-9.8636
-8.8815,-2.3893,-0.25714,-0.012559,-0.27211,7.5762,-12.227,20.902
-9.5399,-1.7931,0.070203,-0.012559,-0.25955,-6.7444,-7.5066,4.7864
-9.8051,-1.6639,0.018671,-0.029304,-0.27211,2.8567,-19.237,-1.9333
-10.152,-1.4924,-0.30274,-0.046049,-0.29304,-5.2185,-15.291,-0.4105
-10.684,-1.6577,-0.46499,-0.037677,-0.26792,8.5847,-11.754,0.80021
-11.161,-2.0545,-0.65859,-0.029304,-0.26792,0.12851,-6.4121,2.3578
-11.544,-2.6096,-1.0875,-0.050235,-0.2763,1.7789,-11.714,-0.15126
-12.659,-3.3893,-2.0103,-0.041863,-0.26374,-0.32157,-12.023,-0.30227
-13.393,-3.5818,-3.7013,-0.0083726,-0.18838,1.676,-11.365,0.11517
-12.775,-2.6572,-4.6286,0.092098,-0.20094,2.9873,-10.29,0.68203
-11.681,-1.7987,-4.5408,0.075353,-0.2135,3.4479,-9.549,0.54661
-9.5277,-1.8964,-3.7286,-0.066981,-0.26792,2.9953,-9.5524,1.1982
-8.303,-2.0216,-3.1083,-0.087912,-0.25955,3.3853,-9.6701,1.3108
-8.5545,-1.0642,-3.1484,-0.066981,-0.20513,2.7562,-9.8466,1.4832
-9.3744,-0.979,-3.3934,-0.12977,-0.27211,2.5667,-9.6324,1.117
-10.213,-0.46575,-3.0314,-0.31816,-0.32234,2.8264,-9.378,0.80936
-10.952,-1.4042,-2.8527,0.058608,-0.28885,3.0703,-9.039,1.0475
-10.437,-1.8639,-2.8309,2.1476,0.71167,2.7545,-9.1785,0.96445
-8.3852,-2.4565,-3.1369,-0.34746,-0.29304,2.6719,-9.2994,0.74925
-7.2066,-1.7889,-2.0557,-0.2428,-0.25955,2.0793,-9.6102,0.3632
-6.3332,-1.5234,-1.4634,-0.22187,-0.23025,2.6828,-9.7487,0.37272
-6.2359,-1.3346,-2.0675,-0.2428,-0.25955,2.3445,-9.9604,0.0045946
-6.0911,-1.5042,-2.1354,-0.25536,-0.30141,2.4258,-10.3,0.64465
-6.124,-1.3752,-1.9343,-0.21769,-0.2135,3.1651,-10.566,0.84711
-6.8703,-1.4339,-1.8659,-0.18838,-0.20513,2.6355,-10.635,0.86961
-7.692,-1.7657,-1.8326,-0.15489,-0.19257,2.1444,-10.796,0.5858
-8.6783,-1.9453,-2.0277,-0.1214,-0.23862,1.4834,-11.424,0.18322
-9.3586,-2.2723,-2.3308,-0.050235,-0.21769,2.0709,-11.538,0.65214
-10.011,-1.9684,-2.0614,0.075353,-0.1214,3.2026,-12.898,2.2621
-10.303,-1.5108,-1.6518,0.16327,-0.050235,2.2403,-14.471,3.4343
-10.588,-1.898,-1.5919,0.10047,-0.054422,1.9787,-17.046,6.3342
-10.712,-2.2641,-1.4775,-0.025118,-0.083726,1.2687,-19.16,9.7526
-10.377,-2.8783,-2.3433,-0.083726,-0.07954,1.7288,-19.15,6.789
-9.4233,-3.0784,-2.5928,-0.17164,-0.15908,9.2573,-16.554,3.0566
-10.58,-2.3004,-1.7544,-0.16327,-0.17582,12.41,-13.803,6.7985
-11.212,-1.0296,-1.1769,-0.15071,-0.15489,7.9315,-3.118,-4.8683
-12.975,-1.249,-1.2071,-0.10466,-0.13396,11.258,-14.515,-4.0194
-12.526,-0.97769,-2.6354,-0.10047,-0.11722,8.0022,-3.7254,5.675
-10.338,-0.27505,-3.0353,-0.15489,-0.19676,1.6547,-3.3862,4.941
-9.6185,0.62391,-2.3123,-0.13815,-0.16745,2.5713,-3.6789,1.4147
-10.134,1.6441,0.2006,-0.16327,-0.17164,4.4194,-4.8079,0.39755
-11.95,1.0113,1.0594,-0.13815,-0.10466,2.4071,-6.2596,0.77359
-12.584,-1.1195,-0.63759,-0.025118,0.012559,-0.89715,-6.9774,1.2672
-11.198,-2.2095,-2.3673,-0.025118,0.012559,-1.055,-8.5221,0.26126
-9.682,-1.7587,-1.4846,0.0041863,-0.041863,0.12375,-10.197,-0.88361
-7.9904,-1.4879,-0.61812,-0.054422,-0.066981,-0.67922,-12.424,-1.7738
-6.9009,-0.40808,0.5738,-0.11722,-0.083726,0.48843,-14.319,-2.2111
-6.3785,0.74509,0.93022,-0.11303,-0.058608,1.8553,-16.339,-1.2151
-6.4945,0.98867,0.69951,-0.15071,-0.083726,4.1998,-19.231,-1.2945
-6.6174,0.56705,0.31419,-0.1214,-0.058608,6.6405,-19.3,-5.2528
-7.0309,0.028781,0.19206,-0.3977,-0.12977,4.064,-19.316,-9.8523
-7.3888,-0.25747,0.17683,0.32653,-0.062794,1.0895,-15.743,-11.891
-7.7087,-0.42225,0.17252,2.1601,0.89168,4.4275,-16.813,-18.963
-7.9711,0.068164,0.36403,-0.22606,-0.092098,3.0981,-4.8085,-18.47
-8.1599,-0.58844,1.1891,-0.10047,-0.0041863,4.0681,-10.666,-17.118
-8.7366,-0.54584,0.39298,-0.16745,-0.054422,5.6968,-15.917,23.147
-9.2224,-1.0019,0.057199,-0.13815,-0.041863,-11.553,-5.9117,-2.0569
-10.092,-0.97062,-0.90841,-0.10047,-0.0041863,-0.26655,-19.226,4.1194
-11.02,-0.50726,-0.69828,-0.092098,0,-4.9176,-16.026,-0.64215
-11.761,-0.34594,-0.39956,-0.037677,0.029304,16.611,-14.411,-7.3982
-12.435,-0.48208,0.41977,0.0041863,0.062794,-3.8646,-8.8954,0.55825
-13.087,-1.2185,-0.33071,0.058608,0.062794,4.9341,-11.482,-0.7227
-13.924,-0.79287,-1.3029,0.14652,0.096285,1.0476,-11.791,1.1293
-14.695,-1.0956,-2.1091,0.20513,0.071167,3.9056,-10.22,0.74679
-13.471,-1.2007,-3.4975,0.2763,0.1214,2.68,-10.501,1.3767
-11.224,-0.89677,-4.3754,0.1842,0.10466,3.2027,-9.809,1.2812
-9.796,-1.1076,-4.0892,0.087912,0.10466,3.6369,-9.1536,1.4745
-8.9975,-1.137,-3.376,0.0041863,0.092098,2.8402,-8.9843,1.5688
-9.3519,-0.58603,-3.2738,0.0041863,0.092098,3.2565,-9.2461,2.1223
-10.26,0.36625,-2.4407,-0.0083726,0.087912,2.9369,-9.2894,1.7524
-11.177,-0.25379,-1.9597,0.050235,0.16327,3.21,-9.2119,1.5819
-10.845,-0.69662,-1.789,0.03349,0.12977,3.8788,-8.6965,1.6352
-8.9565,-0.65894,-1.6488,-0.037677,0.071167,3.5229,-8.7253,1.724
-7.2774,-0.77535,-1.4593,-0.037677,0.058608,2.4858,-9.5516,1.2764
-5.7391,-0.9223,-1.3883,-0.054422,0.07954,2.2987,-9.6151,0.86515
-5.2505,-1.1113,-1.1948,-0.041863,0.092098,2.6068,-9.9031,0.78091
-5.2909,-0.60749,-1.1073,-0.029304,0.1214,2.8407,-9.5639,1.0398
-5.0117,-0.42494,-0.9014,0.07954,0.23443,2.7089,-10.353,1.3532
-5.4058,-0.41879,-0.90085,0.025118,0.18001,2.05,-11.018,1.1258
-6.7626,-0.75686,-0.77338,0.087912,0.1842,3.0529,-10.906,0.50607
-7.9154,-1.1978,-1.2657,0.0083726,0.17164,3.1316,-11.278,0.86322
-8.9908,-1.9756,-1.3252,-0.054422,0.15071,2.6464,-12.094,0.5051
-10.142,-2.0102,-1.0441,-0.058608,0.15908,3.6865,-13.664,1.9266
-11.07,-2.032,-0.80393,-0.041863,0.15489,3.615,-15.543,4.1236
-11.294,-1.9735,-0.8092,-0.066981,0.054422,4.7165,-19.132,7.6218
-11.728,-1.9793,-0.66235,-0.17582,0.092098,3.5014,-19.152,9.5566
-11.423,-2.102,-1.2208,0.98378,0.2763,2.4784,-19.206,4.1478
-11.674,-1.1632,-1.41,0.95866,0.46886,9.2909,-15.481,4.423
-12.935,-0.20902,-1.1241,-0.28885,-0.029304,10.254,-9.549,-0.44783
-13.998,0.42204,-1.6568,-0.0083726,0.03349,6.7623,-13.152,-4.267
-14.232,-0.0048867,-3.6425,-0.012559,-0.016745,2.2139,-8.4658,9.8593
-12.312,1.9737,-3.6224,0.075353,0.037677,0.80465,-4.9089,5.148
-9.4106,4.3679,-2.7648,0.10047,0.062794,1.9971,-5.3008,3.5883
-7.6699,4.2005,-1.4535,0.1842,0.10047,0.48995,-6.0377,3.1613
-8.363,4.009,-1.1866,0.17164,0.071167,-2.0427,-6.6098,2.3887
-10.829,2.054,-2.0888,0.29304,0.17582,-2.4293,-7.7188,1.3919
-11.613,0.33402,-2.591,0.35583,0.13815,-2.1608,-9.2557,0.17186
-11.277,0.22248,-3.2221,0.41444,0.092098,-2.0909,-11.157,-0.86001
-10.439,0.74795,-2.4064,0.56515,0.16745,-0.24468,-12.718,-2.4925
-8.7173,1.0173,-1.3611,0.5191,0.15489,0.82337,-14.291,-2.3626
-7.2704,0.89346,-0.65643,0.44793,0.20513,3.2589,-17.423,-1.7344
-6.5763,1.5416,-0.13494,0.38932,0.20513,6.955,-19.282,-4.3945
-6.3708,1.8723,0.33693,0.3056,0.16745,9.1632,-19.319,-9.1243
-6.4169,1.1466,0.13477,0.2428,0.10884,1.8911,-16.397,-11.978
-6.9815,0.084256,-0.25557,0.24699,0.11303,3.2827,-17.324,-13.542
-7.4436,-0.042516,-0.16172,0.22606,0.07954,6.9515,-10.771,-18.677
-7.7235,-0.18797,-0.03797,0.25536,0.11303,3.7265,-4.3427,-18.43
-7.6057,0.4879,0.17023,0.25536,0.10884,8.2602,-11.048,-18.699
-7.6409,0.22558,0.10451,0.23443,0.092098,4.9668,-9.9235,23.491
-8.1258,0.73668,0.024196,0.2428,0.07954,-2.3166,-12.389,-4.2572
-9.3056,1.1409,-0.16048,0.25536,0.07954,9.2206,-19.313,-9.4984
-10.037,0.85004,-0.091917,0.29304,0.10884,5.1011,-15.96,-5.8511
-10.767,0.95219,0.075171,0.35583,0.14652,0.046935,-13.972,-1.1148
-11.123,0.087659,0.31315,0.43119,0.16745,5.9531,-9.1344,-0.56385
-12.22,-1.1412,-0.12376,0.36421,0.12559,2.6433,-11.368,-1.1149
-14.281,-0.60564,-2.2019,0.25955,0.03349,2.9025,-10.623,1.0604
-14.856,-0.62578,-3.7932,0.24699,-0.0041863,2.8856,-11.18,0.84487
-12.931,-0.94335,-5.4638,0.30979,0.03349,2.0854,-10.884,0.71624
-10.461,-1.6985,-4.2476,0.26374,0.020931,3.016,-9.8721,0.91156
-9.5026,-2.1436,-3.2245,0.15908,0.046049,2.9682,-9.7789,1.322
-10.036,-1.2345,-2.7427,1.7959,0.58189,3.5219,-9.306,2.0699
-11.648,-0.42543,-2.4383,0.80377,0.40188,2.9784,-9.0487,2.0565
-12.505,0.001642,-2.5683,0.13396,0.075353,2.8734,-9.2418,1.5666
-11.832,-0.30869,-2.1752,0.21769,0.075353,3.0137,-9.3844,1.1651
-9.9762,-0.68279,-2.3036,0.20094,0.058608,3.125,-8.8456,0.58897
-7.7336,-1.1973,-2.1499,0.26374,0.14233,2.6961,-8.8859,0.52017
-5.7836,-0.71806,-1.6541,0.27211,0.13815,2.9552,-8.9118,0.89646
-5.204,-0.405,-1.068,0.3056,0.15908,2.6199,-9.4005,0.54576
-5.4129,-0.56824,-1.1143,0.35583,0.20094,2.2234,-9.839,0.25945
-5.5753,-0.52928,-1.1318,0.48561,0.32234,2.5166,-10.271,0.57409
-6.0113,-0.44376,-1.0294,0.48561,0.26374,2.5074,-10.451,0.49213
-6.0045,-1.2913,-1.1162,0.52747,0.27211,2.515,-10.953,0.74834
-7.318,-1.7751,-1.5282,0.57352,0.31816,3.0272,-11.301,0.60064
-7.9204,-1.4534,-0.96239,0.55259,0.38095,2.5252,-11.203,0.49635
-8.8043,-1.1994,-0.98163,0.42282,0.35583,2.486,-12.051,0.83898
-9.3513,-1.1213,-0.24829,0.30141,0.32653,2.8107,-13.602,1.1397
-11.115,-0.83588,-0.25418,0.25118,0.30979,3.4064,-15.728,3.4873
-11.438,-1.3552,-0.16407,0.2135,0.25118,3.4266,-17.506,6.7839
-11.058,-1.6698,-0.64502,0.2135,0.25118,1.5085,-19.155,9.2448
-10.382,-2.089,-0.47222,0.19257,0.25955,6.9117,-19.171,4.6522
-10.764,-1.6816,-0.18292,0.22187,0.29723,9.2232,-16.397,3.887
-11.65,-0.33064,0.20182,0.2135,0.30979,7.7486,-10.125,-3.6371
-13.406,-0.3977,0.10105,0.23025,0.29723,10.985,-15.482,-1.6955
-14.865,-0.19119,-1.8067,0.24699,0.28467,1.55,-6.5677,6.5934
-13.319,1.2842,-3.3581,0.15908,0.1842,0.366,-5.7492,3.2995
-11.598,1.6143,-2.3179,0.22187,0.2428,3.72,-4.6929,2.0005
-9.8068,2.9673,-1.4908,0.23862,0.28885,1.6936,-5.0486,2.0666
-10.199,2.8938,-0.59219,0.2428,0.26792,0.33525,-5.7796,2.2352
-11.446,1.608,-0.52896,0.19676,0.26374,-0.44257,-6.192,1.5922
-11.969,-0.018557,-1.0227,0.15071,0.25955,-1.7524,-7.3955,1.0398
-10.611,-0.7397,-1.2876,0.10884,0.17582,-1.2266,-9.1403,-0.1672
-8.6379,-1.44,-1.0033,0.13396,0.20931,-0.27968,-10.722,-0.93474
-7.1282,-1.1642,0.20049,0.066981,0.16745,0.42868,-11.888,-1.6734
-6.0776,-0.66424,0.75074,-0.025118,0.22606,1.6049,-14.055,-1.52
-5.6574,0.04376,1.0776,1.3982,0.55259,3.7572,-18.255,-1.7189
-5.8485,0.0013786,1.0843,0.87493,0.57771,6.5612,-19.257,-2.9285
-6.1225,-0.43941,0.44466,-0.071167,0.17582,7.1554,-19.296,-6.8203
-6.8396,-0.44447,1.2442,0.012559,0.1842,5.0134,-19.336,-10.854
-7.6026,-0.67727,0.52852,0.046049,0.20931,4.4182,-17.89,-12.809
-8.1892,-0.64266,0.52111,0.062794,0.20931,1.5699,-9.3352,-18.67
-8.5678,-0.3993,1.0588,0.050235,0.20513,10.052,-3.084,-18.304
-8.8844,-0.22617,1.6112,0.14652,0.28467,10.631,-16.849,-1.7361
-9.8717,-0.35451,1.3365,0.18838,0.33072,-5.2222,-9.4889,23.39
-10.812,-0.80069,0.57004,0.23025,0.32234,2.098,-15.963,-6.1626
-10.904,-0.27251,0.186,0.35165,0.3977,0.79764,-16.287,-4.8897
-10.816,0.41545,0.16371,0.38514,0.38095,6.3361,-15.139,-4.9957
-12.184,1.1312,0.95444,0.45631,0.427,0.038493,-13.96,-0.92677
-12.825,-0.13929,1.1033,0.44793,0.41863,2.9847,-11.513,0.22505
-14.022,-1.9174,-0.056779,0.35583,0.40607,0.012659,-11.185,1.3055
-14.988,-1.6169,-1.7876,0.28885,0.3977,3.215,-10.677,1.6442
-14.47,-1.7427,-2.8305,0.24699,0.35165,2.3772,-10.578,1.6303
-13.142,-2.0022,-2.8223,0.25955,0.37677,2.3516,-10.263,1.427
-11.226,-2.3553,-2.9699,0.20931,0.36839,2.6032,-9.4564,1.8865
-9.6952,-2.107,-3.0317,0.18001,0.37258,2.8104,-9.2933,2.3551
-8.8134,-1.7519,-3.3156,0.20513,0.37677,2.5219,-9.296,2.0813
-8.6716,-0.25882,-2.9917,0.19257,0.3977,2.4719,-9.145,2.3279
-9.6815,0.23663,-2.0313,0.15908,0.38514,2.2234,-9.1586,1.9601
-10.24,-0.13899,-1.3915,0.17582,0.40607,2.2821,-8.8512,2.0073
-10.111,-1.0155,-1.4914,0.18838,0.44375,2.7518,-9.1809,1.7143
-8.2743,-1.4373,-1.9188,0.23443,0.44793,1.9889,-9.3885,1.7484
-6.8028,-1.2755,-1.4727,0.3349,0.50654,2.3626,-9.2624,1.4876
-5.3566,-1.8691,-1.2735,0.19676,0.46468,1.5027,-9.9049,1.5927
-4.7387,-1.449,-1.2567,0.12559,0.41444,2.0567,-9.8322,0.9352
-5.3525,-1.0601,-1.3586,0.092098,0.38095,2.53,-9.2181,1.9498
-5.8416,-0.847,-0.93939,0.025118,0.34746,2.6421,-9.738,2.4354
-7.0557,-0.74991,-0.7517,0.058608,0.40607,2.5906,-11.478,1.6603
-7.7275,-1.5023,-0.9352,0.012559,0.48142,1.1924,-12.029,1.0876
-8.7821,-2.3093,-1.0815,1.5238,0.77028,1.162,-11.659,0.45993
-9.4466,-2.4159,-1.1859,0.62794,0.72004,1.4895,-12.488,0.74468
-9.9705,-1.9788,-0.97809,-0.071167,0.427,2.7655,-14.056,2.2936
-10.415,-1.4688,0.099389,0.075353,0.4898,3.4847,-16.22,4.703
-11.593,-1.6711,-0.034613,0.092098,0.48561,2.8712,-18.28,8.6355
-11.707,-2.0101,-0.59144,0.087912,0.4898,3.5872,-19.127,11.017
-11.65,-2.3285,-1.0201,0.11722,0.50654,4.7414,-19.188,5.9734
-11.971,-2.4426,-1.0409,0.19257,0.55678,9.0954,-17.101,6.7255
-13.219,-0.6764,-0.12403,0.23862,0.56096,11.507,-13.95,1.053
-14.053,-0.8686,-0.93081,0.27211,0.5484,6.8788,-12.178,-3.8943
-14.434,-0.015632,-2.7698,0.36421,0.57352,6.1368,-7.3322,7.3718
-12.857,0.40497,-3.8583,0.46049,0.58608,0.57283,-4.326,6.0186
-11.683,2.3239,-2.654,0.41863,0.53166,0.90555,-4.4706,3.4314
-9.7221,3.7811,-1.9755,0.29304,0.47724,3.1465,-4.335,2.1481
-9.2745,3.6223,-0.80031,0.18001,0.50654,1.6108,-5.2795,2.7417
-10.155,1.6824,-0.61701,0.03349,0.47724,0.21203,-5.5904,2.3476
-11.007,-0.13478,-1.57,0,0.45212,1.2224,-6.9404,1.009
-10.406,-0.90259,-1.9654,-0.020931,0.43119,1.0289,-8.7599,0.24938
-9.112,-0.96735,-1.266,0.041863,0.47724,1.1682,-11.113,-0.41897
-8.0727,-0.91187,-0.72417,-0.050235,0.38932,2.4365,-12.93,-0.9138
-6.7648,-0.64693,0.3523,-0.066981,0.38095,3.352,-16.292,-1.4998
-5.7013,0.21867,0.71442,-0.016745,0.43537,6.779,-19.234,-2.5606
-5.0237,0.17256,0.95237,-0.071167,0.41444,9.8428,-19.272,-5.3964
-4.9495,0.50749,0.86673,-0.062794,0.427,6.4314,-19.317,-10.87
-5.6485,-0.40461,0.46885,0.012559,0.42282,2.3284,-19.399,-15.134
-6.5471,-0.42115,0.21473,-0.041863,0.37258,10.734,-14.733,-18.848
-7.7207,-0.32765,0.80209,-0.15071,0.3056,0.069937,-4.0262,-18.461
-8.5889,-0.35336,0.48399,-0.20094,0.26374,9.9996,-14.26,-7.1547
-9.5287,0.17381,0.36301,-0.2135,0.26792,-5.1689,-15.716,20.454
-10.609,0.16417,0.24635,-0.2428,0.22187,5.0162,-10.853,-5.1488
-10.964,0.21382,-0.022861,-0.28885,0.22187,2.5692,-19.228,-0.060724
-11.624,0.39056,-0.17538,-0.28048,0.21769,7.0668,-14.183,-3.4197
-11.88,0.54811,-0.024354,1.9089,1.1973,4.7913,-11.713,-2.9961
-12.441,-0.14754,0.29198,-0.24699,0.26792,-0.66673,-11.731,0.1672
-13.215,-1.3868,-0.7985,-0.40188,0.16745,1.331,-12.453,-0.78644
-14.22,-1.1266,-1.5645,-0.31816,0.18001,2.1289,-11.891,0.99966
-14.487,-0.89626,-2.6386,-0.2763,0.18001,2.5476,-10.541,1.363
-13.049,-0.57262,-3.2621,-0.20513,0.20931,2.4653,-10.271,1.5632
-11.034,-2.3218,-3.0932,-0.16745,0.23862,2.6883,-9.4332,1.2323
-9.5738,-2.1194,-2.6855,-0.11722,0.28885,2.465,-9.292,1.4976
-8.9015,-1.3909,-3.1462,-0.075353,0.30141,2.3577,-9.527,1.7556
-9.5961,-1.0008,-3.4585,-0.012559,0.33909,2.4505,-9.486,1.894
-10.258,-0.22495,-2.915,0.054422,0.32234,1.6945,-9.347,1.935
-10.785,-0.14864,-1.9818,0.1214,0.33909,3.0935,-9.0561,1.3177
-10.132,-0.99562,-1.4791,0.14233,0.35583,1.7945,-9.359,1.7271
-8.38,-1.2011,-1.4028,0.075353,0.35583,2.111,-9.0588,2.0369
-6.2796,-1.1734,-1.0635,0.0041863,0.427,2.4033,-8.8725,1.8617
-5.2693,-1.183,-1.1065,-0.18001,0.28048,1.7748,-9.6383,1.515
-4.3586,-1.2621,-1.3768,-0.20513,0.28048,1.6948,-9.9567,1.3629
-4.6876,-0.97266,-1.3612,-0.21769,0.27211,2.0265,-9.9315,1.8987
-4.8372,-0.56259,-1.1033,-0.28467,0.2135,2.2018,-10.2,1.8141
-6.0072,-0.64808,-0.79517,-0.23443,0.28467,1.7399,-11.152,1.616
-7.0989,-1.1132,-0.82651,-0.2428,0.30141,1.701,-12.33,0.62966
-8.6688,-1.9152,-0.9829,-0.26792,0.28467,0.7853,-12.158,0.045788
-9.6728,-2.2165,-1.1574,-0.24699,0.33909,2.4632,-13.343,1.3471
-10.935,-2.2422,-0.85443,-0.15489,0.427,2.8651,-14.449,2.6708
-11.458,-2.3292,-0.757,-0.046049,0.427,3.4514,-17.153,5.5415
-11.727,-2.0507,-0.59509,-0.12559,0.36421,5.0543,-19.11,9.793
-11.154,-2.4086,-0.59572,-0.22187,0.29723,1.4716,-19.131,9.6623
-11.012,-2.4333,-1.019,-0.2428,0.29304,5.915,-19.188,5.9852
-12.308,-1.7477,-0.16782,-0.2428,0.30141,11.309,-15.401,10.364
-12.865,-0.18824,-0.10115,-0.23025,0.30979,15.183,-8.7404,-4.7331
-13.508,-0.85579,-0.65597,-0.38095,0.2135,4.3263,-16.027,-0.74768
-14.596,0.0036695,-2.8418,0.07954,0.32653,4.8015,-4.3911,8.4118
-12.425,0.55382,-4.1712,1.9131,1.2475,2.7213,-3.8211,4.0237
-11.425,2.5817,-2.9255,-0.54422,0.14652,1.1063,-4.2542,2.2984
-10.85,3.0878,-1.4484,-0.38095,0.17164,2.2417,-4.6615,2.1643
-10.572,2.8565,-0.25871,-0.28885,0.25536,0.33128,-5.1536,2.4644
-11.349,0.76357,-0.83654,-0.30141,0.22187,0.80322,-6.1411,1.7322
-10.899,-0.5175,-1.5729,-0.29304,0.2135,0.59067,-7.4995,0.5476
-9.4195,-1.7512,-1.9787,-0.25955,0.18838,0.93039,-9.4764,-0.11035
-8.5752,-1.0357,-0.9669,-0.16327,0.26792,2.5184,-11.16,-1.1578
-7.3014,-1.093,-0.024683,-0.1214,0.25536,3.1451,-13.665,-1.1935
-6.2519,-0.030088,0.79729,-0.071167,0.3056,4.9768,-17.41,-1.3624
-5.1678,0.31157,1.0491,0.029304,0.35165,8.3263,-19.287,-2.9853
-4.7847,0.34756,0.86286,0.07954,0.31816,10.624,-19.256,-6.8149
-5.1772,0.27573,0.58271,0.071167,0.31816,5.1297,-19.353,-12.51
-5.8216,-0.33485,0.39092,-0.050235,0.29723,2.2499,-19.314,-9.6307
-6.7772,-0.53404,0.16246,-0.1214,0.30141,10.696,-11.811,-18.692
-7.6525,-0.20292,0.51858,-0.23025,0.2135,3.3924,-3.5703,-18.415
-8.872,0.16797,0.59406,-0.23862,0.22187,8.4064,-11.734,-14.971
-9.917,0.90212,0.88119,-0.2135,0.23025,-9.8181,-15.833,17.662
-10.73,0.65736,0.30127,-0.2135,0.25536,-0.67168,-18.097,-6.6928
-11.454,0.97865,-0.22771,-0.23443,0.20931,-0.097642,-19.272,-1.4854
-11.695,0.92073,0.27234,-0.23025,0.19676,18.741,-11.663,-5.927
-11.97,0.52051,0.62579,-0.26374,0.18838,-7.2026,-9.5868,-0.2597
-12.975,-0.72559,0.99785,-0.30141,0.16327,3.5183,-11.57,-0.55373
-13.46,-1.746,-0.47293,-0.21769,0.24699,2.229,-11.703,0.98922
-15.333,-2.0512,-2.132,-0.16327,0.23862,2.4853,-10.872,0.91875
-15.409,-1.2656,-2.9876,-0.1214,0.23862,1.4895,-11.018,1.1932
-13.197,-1.7647,-3.3904,-0.17582,0.17164,2.6275,-9.7028,1.0099
-10.861,-3.4234,-1.8555,-0.25536,0.12977,3.1398,-9.6006,1.3222
-8.9906,-2.49,-2.4136,-0.26374,0.12977,2.8051,-9.2986,1.8235
-8.838,-0.5235,-2.9524,-0.3056,0.11722,2.431,-9.4752,1.9881
-9.6761,-0.031066,-2.5291,-0.34746,0.10047,2.5813,-9.7179,1.4774
-10.532,0.32138,-2.2658,-0.60701,0,2.5212,-9.4568,1.844
-11.067,-0.19214,-1.9541,0.427,0.075353,3.0338,-9.1846,1.3419
-9.3261,-0.86699,-1.4149,0.82889,0.41444,3.1155,-8.9345,1.5948
-7.7521,-1.2834,-1.6313,-0.67399,-0.025118,2.708,-9.0039,1.5873
-5.8602,-0.93034,-0.70478,-0.43537,0.062794,1.3333,-9.7611,1.119
-5.1155,-1.2935,-1.0217,-0.45212,0.046049,1.7254,-10.017,0.27682
-4.6195,-0.84299,-1.1285,-0.44375,0.03349,2.7326,-10.13,0.88542
-4.8376,-1.0501,-0.84187,-0.42282,0.062794,2.3932,-10.212,1.555
-5.1589,-0.64003,-0.75234,-0.30979,0.17582,1.5788,-10.76,1.1965
-5.8034,-0.73824,-0.66644,-0.36421,0.10466,1.378,-11.327,0.95784
-7.3957,-1.4273,-1.0337,-0.26374,0.15908,1.8796,-11.415,1.0314
-8.8327,-1.2929,-0.75846,-0.19676,0.17582,1.3415,-11.473,0.23144
-10.305,-1.9117,-0.951,-0.071167,0.24699,2.9539,-13.402,2.4011
-11.545,-2.0548,-1.0165,0.037677,0.33072,4.4111,-15.743,3.9341
-11.89,-1.9649,-0.25052,0.054422,0.34328,3.0555,-18.02,7.9421
-11.946,-2.1908,0.065983,-0.12559,0.26792,4.0084,-19.125,10.282
-11.214,-2.936,-0.44319,-0.27211,0.15908,0.63487,-19.161,9.6316
-10.411,-3.174,-1.0962,-0.36839,0.1214,9.3807,-18.072,5.7111
-11.865,-1.2071,-0.24548,-0.38514,0.10884,16.885,-12.29,-0.31024
-13.304,-0.47289,-0.35835,-0.41444,0.07954,4.4318,-14.146,-7.7047
-14.378,0.20348,-2.4027,-0.40607,0.054422,4.0718,-6.9657,8.3799
-14.088,0.86635,-3.7536,-0.38514,0.062794,3.8485,-3.3363,4.9863
-12.867,2.4476,-3.085,-0.44793,-0.03349,1.687,-4.6353,1.8164
-10.688,3.6115,-2.1381,-0.45631,-0.020931,1.9676,-4.6001,2.3626
-10.032,3.629,-1.2102,-0.4898,-0.062794,0.19535,-5.2269,2.0635
-10.657,1.5196,-1.0001,-0.40188,0.029304,-1.4457,-5.7951,1.675
-11.456,0.56434,-1.2229,-0.31397,0.066981,-1.2874,-7.3,0.69504
-11.076,-0.75979,-1.7631,-0.28467,0.037677,-0.24126,-9.3948,-0.86799
-9.2697,-1.1597,-1.3781,-0.41863,-0.037677,-1.5791,-11.166,-1.7303
-7.6974,-1.4957,-0.55566,-0.47305,-0.071167,0.55037,-12.169,-2.03
-6.494,-1.0565,0.16807,-0.49817,-0.096285,2.7141,-14.558,-2.3362
-5.5527,-0.14452,0.81857,-0.56934,-0.15908,3.7853,-17.917,-1.6288
-4.6771,0.52052,0.84685,-0.48142,-0.071167,7.5931,-19.256,-3.8244
-4.9274,0.40911,0.62629,-0.60283,-0.075353,8.5419,-19.318,-9.0055
-5.5045,-0.026718,0.1976,0.79958,0.38932,2.0046,-19.336,-13.77
-6.7548,0.36825,-0.1458,0.45631,0.43537,4.755,-16.511,-13.455
-7.0778,-0.1483,-0.32914,-0.65306,-0.16327,4.9568,-10.296,-18.694
-8.4218,-0.12336,0.88363,-0.52747,-0.13815,6.6554,-3.3125,-18.38
-9.3588,-0.23994,0.49419,-0.48561,-0.10047,9.1623,-15.002,-14.075
-10.397,-0.35134,0.4947,-0.41026,-0.071167,-7.0931,-10.192,23.357
-11.583,-0.11983,0.39974,-0.3977,-0.087912,1.2746,-12.98,-6.9488
-12.141,-0.026371,-0.4129,-0.3056,-0.012559,3.0705,-19.329,-6.1545
-11.995,0.23538,-0.17882,-0.24699,-0.025118,8.3558,-13.96,-5.927
-12.097,0.31235,0.1018,-0.13396,0.083726,-3.2922,-13.703,0.959
-12.038,-1.1153,0.49962,0.0041863,0.17164,4.0671,-10.342,-0.5702
-12.785,-2.1695,0.12054,0.07954,0.14652,-0.30494,-12.096,0.26713
-13.868,-1.0266,-2.1135,0.13396,0.14652,3.2288,-10.644,-0.010312
-13.75,-1.4,-3.0418,0.13396,0.15071,2.0793,-10.94,1.0676
-11.827,-1.5654,-4.783,-0.03349,0.066981,2.9198,-10.496,0.86897
-9.5391,-2.8433,-3.9927,-0.15489,0.016745,2.8497,-9.7751,0.70641
-8.7283,-1.968,-2.8403,-0.2428,-0.041863,2.8801,-9.4653,0.99304
-9.8786,-1.0174,-3.0916,-0.24699,-0.016745,3.0122,-9.2859,1.1179
-11.326,0.12055,-2.1681,-0.22187,0.012559,2.5466,-9.7221,1.0602
-12.119,-0.10457,-1.662,-0.25955,0.029304,2.3501,-9.4147,1.1048
-12.31,-1.1669,-1.684,-0.3349,-0.075353,2.4935,-9.0441,1.5311
-9.9545,-1.2662,-1.514,-0.32653,-0.11303,2.594,-9.0557,1.3648
-7.69,-2.3704,-0.95018,-0.28467,-0.025118,2.8255,-8.5489,1.5487
-6.0765,-2.2366,-0.60129,-0.35165,-0.083726,1.943,-9.0736,1.5553
-4.5054,-2.0022,-0.24336,-0.25955,-0.016745,1.1553,-9.7357,0.69144
-4.4724,-1.1254,-0.017072,-0.18001,0.096285,1.431,-9.9355,0.50712
-4.6407,-0.79464,0.075851,-0.17582,0.016745,2.6693,-10.272,1.5548
-5.2972,-1.3024,-0.30669,-0.10466,0.058608,2.3139,-10.57,1.4321
-5.8137,-1.2365,-0.34287,-0.14233,0.037677,1.9701,-11.497,0.81986
-7.131,-1.5331,-0.28535,-0.32234,-0.029304,2.3375,-11.697,0.62604
-8.1912,-2.0581,-0.36417,-0.3349,-0.22187,1.7262,-11.966,0.45022
-9.457,-1.898,-0.46556,-0.31816,-0.1214,2.8399,-14.233,2.4105
-10.551,-1.7219,0.023975,-0.32234,-0.062794,3.4161,-16.068,3.0953
-11.642,-1.7435,0.085187,-0.25536,0.020931,4.2012,-17.747,6.4567
-11.604,-2.6517,0.035028,1.7373,0.97959,3.2463,-19.172,10.563
-10.564,-3.131,-0.49232,-0.15071,0.0083726,2.1415,-19.185,8.2288
-10.42,-3.2317,-0.38559,-0.39351,-0.14233,6.983,-13.944,0.68515
-11.764,-2.2031,0.46488,-0.35583,-0.12559,17.162,-12.099,-0.0062528
-12.952,-1.3822,0.012447,-0.34746,-0.10047,3.0985,-6.0636,-4.3764
-14.67,-0.8262,-0.73752,-0.26374,-0.016745,4.86,-7.8339,5.7194
-14.237,0.23401,-2.2842,-0.23443,-0.020931,5.4108,-2.8455,4.5577
-12.658,1.604,-2.3504,-0.18838,-0.062794,-0.17168,-4.3868,1.9144
-10.798,2.5292,-1.0882,-0.1214,0.020931,0.23728,-5.1458,2.2555
-10.557,2.5761,0.51606,-0.096285,-0.020931,-0.97871,-5.7575,1.4732
-11.924,1.2432,0.12241,0.041863,0.092098,-2.6236,-6.6393,1.4126
-12.436,-0.91489,-0.7455,0.17164,0.21769,-1.4815,-8.0502,-0.073577
-11.595,-2.5934,-1.7492,0.19676,0.1842,-2.2316,-9.6554,-1.1822
-9.8083,-2.007,-1.0227,0.1842,0.15071,-1.3613,-11.722,-1.9331
-7.65,-1.3404,0.13199,-0.058608,-0.050235,0.65731,-12.684,-2.0547
-6.4195,0.27005,0.91904,-0.20931,-0.1214,2.1528,-14.188,-1.9691
-5.9643,0.73851,0.99278,-0.20931,-0.10884,2.1099,-16.449,-1.3743
-5.5976,0.58753,1.3055,-0.18001,-0.041863,5.1469,-19.243,-3.5357
-5.5892,-0.33621,0.75921,-0.15071,0.012559,6.9505,-19.276,-5.8631
-6.1104,-1.0458,0.48483,-0.20513,-0.087912,4.3562,-19.339,-8.2047
-6.8485,-1.011,0.30901,-0.25118,-0.07954,3.429,-18.179,-9.9684
-7.5818,-0.20442,0.7395,-0.23443,-0.12559,5.9493,-11.322,-15.371
-8.1369,0.2777,1.4671,-0.25955,-0.15071,4.8515,-5.6699,-18.475
-9.1222,-0.45572,1.0958,-0.28885,-0.15071,9.8756,-12.631,-5.6786
-10.123,-0.90062,1.1505,-0.28048,-0.083726,3.8776,-17.401,18.315
-11.152,-0.98532,0.51132,-0.30141,-0.07954,-1.8811,-4.2437,-3.5747
-11.247,-0.28751,0.33202,-0.25536,-0.17164,1.7651,-19.247,-0.90302
-11.091,-0.01483,0.4934,-0.2135,-0.071167,5.2306,-13.772,-1.9384
-11.108,-0.15829,0.68049,-0.11722,0.058608,6.2174,-14.695,-2.1413
-11.207,-0.75008,1.1746,-0.27211,-0.17582,-1.574,-10.07,0.89741
-12.069,-1.6085,1.3079,-0.36002,-0.25118,1.5984,-11.341,-0.47817
-13.256,-1.851,0.12815,-0.35165,-0.20513,2.1455,-11.215,0.2732
-13.786,-2.1391,-1.8978,-0.35165,-0.20513,3.0851,-10.524,1.0463
-12.918,-2.069,-2.9862,-0.34746,-0.26374,2.4814,-10.556,0.85119
-11.198,-2.2144,-2.894,-0.5191,-0.30979,2.564,-9.7852,0.69263
-9.1844,-1.8901,-1.9912,0.86238,0.12559,3.0844,-9.3551,1.1256
-9.3924,-1.0875,-1.6558,0.56934,0.16327,3.2999,-9.3139,1.2861
-10.192,-0.49047,-1.5494,-0.37677,-0.20094,3.2621,-9.6108,1.2917
-11.444,-0.51402,-1.4568,-0.29304,-0.13815,3.1278,-9.4925,1.2442
-12.389,-1.2401,-1.5116,-0.32653,-0.19676,2.5829,-9.2766,1.0516
-10.648,-1.9386,-1.6376,-0.3056,-0.24699,2.7223,-9.1201,0.86289
-8.2826,-1.5263,-1.1058,-0.2135,-0.14652,2.6576,-8.7536,0.88056
-6.5992,-1.3519,-0.70062,-0.16745,-0.11722,2.8166,-8.9875,1.2455
-5.6106,-0.78267,-0.070441,-0.12559,-0.062794,1.8164,-9.3878,0.8196
-5.4683,-0.82982,-0.26416,-0.029304,-0.071167,2.2248,-9.6076,0.6252
-6.0617,-0.95601,-0.35973,0.050235,-0.020931,2.5563,-9.9726,0.7561
-6.2367,-1.298,-0.67472,0.18838,0.096285,3.0809,-10.128,1.0244
-6.7709,-1.3541,-0.65871,0.2428,0.20513,2.1728,-10.678,0.47739
-7.2688,-1.7117,-0.74353,0.083726,-0.054422,1.6433,-10.727,0.54257
-8.1188,-1.6333,-0.34699,0.029304,-0.012559,2.4953,-11.062,0.71143
-9.3464,-1.8712,9.27E-06,-0.10884,-0.07954,2.1852,-11.576,0.81805
-9.8199,-2.4383,-0.33523,-0.15908,-0.03349,3.3668,-13.097,2.1496
-10.44,-2.2424,-0.33866,-0.19257,-0.19676,2.8585,-14.275,2.1898
-10.192,-2.003,0.2092,-0.16327,-0.13815,3.825,-16.817,4.4578
-10.365,-2.4598,0.26283,-0.14652,-0.07954,2.5803,-18.535,7.8595
-10.163,-2.9573,-0.28721,-0.15489,-0.11303,1.2145,-19.132,11.503
-10.841,-2.375,0.39678,-0.14233,-0.029304,5.0229,-19.233,2.4427
-11.324,-1.9857,0.37918,-0.14233,-0.1214,8.0885,-15.05,0.94297
-11.673,-0.67967,-0.2717,-0.15908,-0.10884,15.156,-5.7875,-3.5024
-13.112,-0.94856,-0.074844,-0.19257,-0.15489,3.5241,-19.254,-6.6358
-13.3,-0.1642,-0.92004,-0.14652,-0.075353,5.6272,-3.5325,7.1505
-11.999,-0.059846,-1.9738,-0.10884,-0.020931,3.3007,-2.4736,4.1281
-12.747,1.478,-0.95119,-0.25118,-0.25118,0.45075,-3.567,1.7116
-11.425,2.5509,0.15589,-0.21769,-0.13815,2.2301,-4.5236,0.11904
-11.179,1.8897,0.86481,-0.12559,-0.16327,0.63696,-5.5644,0.98857
-11.665,-0.10645,-0.0095804,-0.13815,-0.07954,-1.2527,-6.276,1.1112
-11.531,-1.7406,-1.104,-0.23443,-0.24699,-0.60597,-8.3724,-0.60176
-9.5124,-2.6605,-1.0394,-0.25955,-0.23443,-0.27682,-10.19,-2.1581
-7.9248,-1.7377,0.19097,-0.26374,-0.19676,0.073383,-11.057,-2.6979
-6.9433,-0.81544,0.86345,-0.3056,-0.23862,1.1676,-12.284,-2.665
-6.1739,0.61489,1.0238,-0.48142,-0.19257,1.8189,-14.335,-1.834
-6.2172,0.75774,0.83662,0.61538,0.029304,3.8049,-17.328,-2.1409
-6.4507,0.3121,0.72283,1.0842,0.41026,5.4992,-19.258,-4.0329
-6.6465,-0.50173,0.091687,-0.3977,-0.25536,5.8034,-19.321,-8.3664
-7.0454,-0.25762,0.53471,-0.35583,-0.2135,2.932,-19.347,-12.886
-7.1687,-0.15036,0.79699,-0.39351,-0.29304,3.0053,-15.495,-11.901
-8.2248,0.13038,0.9591,-0.39351,-0.25536,4.0339,-9.8304,-18.68
-8.9434,0.20152,1.2076,-0.34328,-0.24699,4.9329,-2.4508,-18.344
-10.171,-0.52254,0.66876,-0.28885,-0.18838,5.8022,-9.7688,10.247
-10.471,-0.6889,0.84326,-0.26374,-0.18838,-1.7702,-7.402,4.3518
-10.227,-0.75185,0.31128,-0.18001,-0.15489,3.1889,-19.261,-1.3895
-10.349,-0.22839,0.36892,-0.10047,-0.046049,3.872,-16.604,-5.9373
-10.888,-0.064839,0.6468,-0.03349,-0.092098,5.0041,-12.323,2.3714
-11.494,-0.029377,0.5342,0.071167,0,1.2441,-7.4897,-1.4454
-12.916,-0.66781,0.32937,0.083726,0.046049,2.7428,-11.16,0.8757
-14.049,-1.0772,-0.26537,-0.0083726,0,0.70123,-11.89,1.0896
-14.55,-1.3126,-1.476,-0.20094,-0.23025,3.1529,-10.888,1.3413
-13.98,-1.5233,-3.0634,-0.20094,-0.1842,2.0256,-10.282,1.4645
-11.186,-2.3176,-3.6717,-0.25955,-0.19676,2.6878,-9.2637,1.3554
-9.8286,-2.5088,-1.3732,-0.24699,-0.20513,2.9103,-9.4854,1.9507
-8.3681,-1.7987,-1.225,-0.25955,-0.23862,2.9173,-9.4486,1.6713
-8.6516,-0.75344,-1.9941,-0.15071,-0.037677,2.575,-9.774,1.8079
-9.3633,-0.016906,-1.612,-0.22187,-0.10884,2.8494,-9.7651,1.7069
-11.298,0.26999,-1.9336,-0.24699,-0.11722,2.0808,-9.4184,1.727
-11.747,-0.53491,-1.6902,-0.29723,-0.2135,2.7507,-9.142,1.6433
-9.9708,-0.95596,-1.2439,-0.2763,-0.23025,2.3969,-8.9886,2.1266
-8.2169,-1.2759,-0.83062,-0.26792,-0.18001,2.7643,-9.0686,2.0534
-6.52,-1.2705,-0.68277,-0.26792,-0.19676,2.2141,-9.2177,1.9883
-5.604,-1.1144,-0.22661,-0.29304,-0.17164,2.4715,-9.3454,2.0887
-6.111,-1.0157,-0.50194,-0.23862,-0.12977,2.7968,-9.6368,1.6711
-6.9274,-1.1028,-0.68872,-0.20931,-0.11303,2.552,-9.7066,1.6131
-7.2914,-1.0867,-0.64517,-0.092098,-0.041863,2.408,-9.6078,1.5958
-7.5108,-1.229,-0.77377,-0.16745,-0.092098,2.415,-9.781,1.108
-8.0862,-1.2467,-0.58589,-0.3056,-0.21769,2.6421,-10.028,1.1187
-8.7908,-1.872,-0.37901,-0.29304,-0.23443,3.4384,-9.988,1.2017
-9.388,-2.3152,-0.092576,-0.31397,-0.20513,1.5612,-11.288,-0.069613
-9.8425,-2.3212,0.054251,-0.30979,-0.16745,1.3238,-11.31,-0.35437
-9.851,-2.4019,0.03646,-0.31397,-0.087912,2.8075,-12.096,0.28785
-9.6547,-2.1124,0.5783,1.235,0.37258,2.7501,-13.582,1.2234
-9.7246,-2.1531,0.53254,0.1842,-0.0041863,4.1112,-14.367,2.8748
-9.4131,-2.0699,0.60319,-0.36002,-0.16327,4.1379,-17.42,5.5558
-9.6355,-2.5676,0.66365,-0.2763,-0.10466,3.7738,-19.155,9.2467
-9.4464,-2.9344,0.15696,-0.28885,-0.1842,3.867,-19.144,9.394
-10.634,-1.6228,0.12763,-0.29304,-0.18001,6.9328,-13.783,0.92185
-11.452,-0.63531,0.56387,-0.25955,-0.14652,14.648,-11.493,-1.7615
-13.238,-0.71644,0.83026,-0.1842,-0.062794,4.6736,-7.71,-5.6513
-14.679,-0.90134,-0.30217,-0.1214,-0.037677,4.9401,-7.7154,5.6845
-13.091,-1.0007,-1.9111,-0.058608,-0.1214,4.1101,-3.2603,3.6698
-11.603,0.87119,-0.74265,-0.054422,-0.10466,1.4705,-4.2377,0.9799
-9.7821,2.7433,-0.2689,-0.012559,-0.10466,1.2425,-4.5111,1.3702
-10.056,2.8005,0.79942,0.087912,-0.020931,-0.76239,-5.3555,2.0788
-11.336,1.1282,1.1015,0.066981,0,-1.3231,-6.105,1.3794
-12.143,-1.4162,0.18833,-0.087912,-0.058608,-1.8742,-7.5253,-0.051256
-11.165,-2.8403,-0.87668,-0.1214,-0.10047,-0.93786,-9.0178,-1.7832
-9.3964,-1.8984,-0.36033,-0.19676,-0.14652,-0.48175,-9.501,-2.5736
-7.658,-0.93769,0.25245,-0.25955,-0.20094,-0.74955,-11.203,-1.4635
-6.6207,0.73006,1.1815,-0.26792,-0.15908,0.91613,-12.93,-1.929
-6.3249,1.0951,1.3407,-0.23025,-0.016745,1.7769,-15.736,-1.3107
-5.7911,0.66602,1.3442,-0.23862,-0.10884,3.5899,-19.249,-2.0932
-6.1121,0.04931,1.0781,-0.3056,-0.19676,5.5256,-19.283,-5.5026
-6.7999,-0.40865,0.73164,-0.30141,-0.1842,5.3184,-19.307,-8.8913
-8.0407,-0.48853,0.40866,-0.31397,-0.22187,3.7438,-17.891,-11.878
-8.5401,-0.26698,0.9865,-0.3056,-0.2135,4.2278,-12.579,-16.326
-9.0602,-0.021248,1.1455,-0.29304,-0.2135,1.6391,-3.7685,-18.432
-9.5004,-0.23316,1.6948,-0.28048,-0.17582,6.94,-8.4112,-13.393
-10.169,-0.62859,1.175,-0.23862,-0.10466,5.7994,-11.599,-14.314
-10.01,-0.51568,1.1536,-0.14233,-0.050235,8.7259,-18.858,23.124
-9.8269,-0.066858,0.89925,-0.18838,-0.17582,-12.164,1.5608,5.5814
-9.825,0.3422,0.39922,-0.23025,-0.19676,9.0341,-19.233,-1.538
-10.163,0.59658,0.88527,-0.31397,-0.25536,-6.3009,-14.902,0.9315
-11.199,0.33678,1.5882,-0.35583,-0.21769,8.823,-16.462,-4.5682
-11.743,-1.2185,2.0272,-0.33909,-0.2135,-3.5114,-10.188,2.9555
-12.254,-1.9323,1.1735,-0.35165,-0.31816,4.8385,-9.6267,-1.2871
-12.744,-1.6839,0.090554,-0.34746,-0.23862,1.7459,-10.777,0.55154
-13.282,-1.0628,-0.93776,1.9592,0.90424,2.8616,-10.413,1.258
-13.392,-1.0878,-1.5821,-0.12977,0.046049,2.9753,-10.472,1.3395
-11.942,-1.8771,-3.0216,-0.41863,-0.36839,2.2941,-9.9095,1.1316
-9.778,-2.0091,-2.8124,-0.40607,-0.33909,2.8526,-9.3622,1.4042
-8.9417,-1.4006,-2.2103,-0.36002,-0.29723,3.335,-9.4994,1.548
-8.7608,0.16373,-1.9011,-0.28885,-0.20094,3.304,-9.4197,1.5933
-10.347,0.19055,-1.1197,-0.24699,-0.17164,2.8966,-9.769,1.3218
-11.838,-0.027756,-0.98145,-0.27211,-0.19257,2.986,-9.2914,1.5549
-11.849,-0.48873,-1.3598,-0.15908,-0.1214,3.3256,-8.6687,1.4436
-9.7896,-0.92177,-1.4514,-0.1214,-0.14652,3.1442,-8.6264,1.7147
-7.6871,-0.99674,-0.94234,-0.03349,-0.083726,2.3935,-9.1121,1.6621
-6.4021,-1.1083,-0.62606,0.012559,-0.066981,2.6866,-9.1849,1.3072
-6.2758,-0.85681,-0.3929,0.087912,-0.03349,2.7454,-9.4574,0.79417
-6.2821,-1.0449,-0.77825,0.087912,0.020931,2.3387,-9.866,0.53009
-6.9034,-0.78981,-0.65003,-0.016745,0.046049,1.9287,-10.358,0.87641
-7.2185,-1.196,-0.74975,-0.17164,-0.11722,2.3841,-10.091,0.76928
-7.7606,-1.3653,-0.52288,-0.17164,-0.10884,2.3948,-10.451,0.45974
-8.0952,-1.8057,-0.25725,-0.19257,-0.11722,2.3455,-10.829,0.25283
-8.6837,-2.1778,0.0039992,-0.22606,-0.13396,2.3883,-10.947,0.33069
-9.4254,-2.4681,0.0094512,-0.19676,-0.096285,1.7313,-10.901,-0.017329
-9.7063,-2.5615,-0.02001,-0.23025,-0.10466,3.1262,-12.284,0.33374
-9.9497,-2.0099,0.1349,-0.26374,-0.12559,2.5795,-13.209,1.8862
-10.117,-2.2457,0.31367,-0.23025,-0.096285,2.8123,-15.38,3.6029
-10.061,-2.5257,0.088473,-0.26374,-0.092098,3.1716,-18.016,7.308
-9.9769,-3.1769,0.6404,-0.26374,-0.075353,2.193,-19.144,10.356
-10.17,-3.6161,-0.07282,-0.25955,-0.083726,4.0959,-19.16,6.76
-10.943,-2.8558,-0.10965,-0.19676,0,12.266,-15.216,1.1535
-11.45,-0.73211,0.14464,-0.16327,0.0041863,12.616,-12.195,-3.6503
-12.718,0.057421,0.73148,-0.10466,-0.0041863,5.3659,-10.192,-8.2997
-14.157,0.26571,-0.32345,-0.11722,0.0041863,3.2969,-8.2658,5.0988
-12.831,1.1572,-2.2853,-0.14233,-0.025118,4.6779,-3.7044,1.8407
-11.295,2.1069,-1.7788,-0.23862,-0.1214,2.3215,-3.5039,1.098
-9.3592,3.3157,-0.52264,-0.29304,-0.15489,2.9793,-3.2994,0.75024
-9.0849,3.2354,0.71224,-0.29723,-0.14233,1.7205,-3.6528,1.0533
-10.497,0.62468,0.77201,-0.42282,-0.096285,-0.32278,-4.0251,1.4518
-11.92,-0.44803,-0.45085,0.93354,0.15908,0.26831,-4.9059,0.49697
-11.658,-2.4304,-1.9556,0.68655,0.25118,-0.78393,-6.2573,-0.97695
-10.579,-1.8681,-1.5471,-0.30979,-0.016745,-0.57176,-7.4792,-1.3901
-8.5595,-1.8228,-0.016684,-0.2763,-0.071167,-0.93947,-8.9795,-1.9063
-6.8769,-0.60116,0.71432,-0.32653,-0.10466,0.18882,-10.273,-1.5951
-5.5765,0.53971,1.0591,-0.30979,-0.092098,1.3129,-13.091,-2.2144
-5.5833,0.88245,1.1215,-0.3349,-0.1214,3.4888,-17.098,-2.9138
-5.9211,0.60007,0.73822,-0.2763,-0.087912,5.6061,-19.303,-4.607
-7.1254,0.20897,0.26091,-0.21769,-0.066981,7.291,-19.314,-8.5803
-7.9503,0.041671,0.0037504,-0.20931,-0.096285,4.395,-19.373,-12.529
-8.8073,-0.03806,0.049206,-0.17164,-0.087912,5.3908,-16.608,-13.245
-8.8434,0.25267,0.23327,-0.10466,-0.087912,2.0295,-8.335,-18.646
-9.4647,0.50685,0.45614,-0.075353,-0.075353,9.5822,-6.9923,-14.077
-9.8993,0.5207,0.65739,-0.029304,-0.020931,-2.4478,-12.539,23.296
-9.9717,0.098846,0.34574,-0.092098,-0.016745,3.8896,-10.448,-5.1606
-10.302,-0.042588,0.01722,-0.2428,-0.11722,5.623,-15.457,-1.1124
-10.188,-0.20113,-0.176,-0.26792,-0.11303,-8.4299,-18.377,1.9031
-10.483,0.42236,-0.19357,-0.28885,-0.12977,13.864,-12.092,-5.2576
-11.241,0.95901,-0.071584,-0.2763,-0.12559,-3.7526,-9.4951,1.9773
-12.43,0.77736,-0.26688,-0.28467,-0.12559,4.8491,-11.006,-0.58513
-13.966,-0.20954,-1.0925,-0.30979,-0.16327,2.1627,-11.478,0.70814
-14.504,-1.0785,-2.6129,-0.26374,-0.14652,2.9097,-10.596,0.78054
-13.927,-1.1126,-3.6791,-0.23862,-0.12559,2.2595,-10.653,1.0108
-11.761,-1.8335,-4.165,-0.30141,-0.17582,2.6136,-10.047,0.29464
-9.9258,-2.1943,-2.6185,-0.24699,-0.12977,3.0633,-9.6558,0.75618
-8.4802,-1.2429,-2.375,-0.23862,-0.071167,3.1966,-9.6051,0.87463
-9.4688,0.20974,-2.1601,-0.20931,-0.046049,3.1907,-9.6508,1.2577
-10.69,0.64821,-2.7838,-0.17582,-0.054422,2.6407,-9.5797,1.4328
-11.618,0.082097,-2.6558,-0.25118,-0.092098,2.2623,-9.6106,1.3129
